Year,"Country of Asylum","Country of Origin","Country of Asylum ISO","Country of Origin ISO","Procedure Type","Application type","Decision level",App_pc,Applied
2001,-,Iraq,-,IRQ,U,V,FI,P,8181
2001,-,Iraq,-,IRQ,G,V,FI,C,8814
2001,-,Iraq,-,IRQ,G,V,FI,P,19098
2001,-,Iraq,-,IRQ,G,V,AR,C,148
2001,-,Iraq,-,IRQ,G,V,FA,P,4103
2001,-,Iraq,-,IRQ,G,V,AR,P,124
2001,-,Iraq,-,IRQ,G,V,NA,P,17167
2001,-,Iraq,-,IRQ,G,V,RA,P,541
2001,-,Iraq,-,IRQ,U,V,FI,C,1164
2001,-,Iraq,-,IRQ,U,V,FA,P,116
2001,-,Iraq,-,IRQ,G,N,EO,C,564
2001,-,Iraq,-,IRQ,G,N,IN,C,584
2002,-,Iraq,-,IRQ,U,V,FI,P,5452
2002,-,Iraq,-,IRQ,G,V,FI,C,14812
2002,-,Iraq,-,IRQ,G,V,FI,P,19508
2002,-,Iraq,-,IRQ,G,V,AR,C,42
2002,-,Iraq,-,IRQ,G,V,FA,P,6410
2002,-,Iraq,-,IRQ,U,V,FA,P,174
2002,-,Iraq,-,IRQ,G,V,AR,P,86
2002,-,Iraq,-,IRQ,G,V,RA,P,444
2002,-,Iraq,-,IRQ,G,V,NA,P,10242
2002,-,Iraq,-,IRQ,U,V,FI,C,1501
2002,-,Iraq,-,IRQ,G,N,EO,P,606
2002,-,Iraq,-,IRQ,G,N,IN,C,534
2003,-,Iraq,-,IRQ,U,V,FI,P,4680
2003,-,Iraq,-,IRQ,G,V,FI,P,19865
2003,-,Iraq,-,IRQ,G,V,AR,C,6
2003,-,Iraq,-,IRQ,G,V,FA,P,1939
2003,-,Iraq,-,IRQ,G,V,AR,P,125
2003,-,Iraq,-,IRQ,G,V,RA,P,235
2003,-,Iraq,-,IRQ,G,V,NA,P,3850
2003,-,Iraq,-,IRQ,U,V,AR,P,5
2003,-,Iraq,-,IRQ,U,V,JR,P,104
2003,-,Iraq,-,IRQ,J,V,FI,P,15
2003,-,Iraq,-,IRQ,U,V,FI,C,986
2003,-,Iraq,-,IRQ,U,V,FA,P,103
2003,-,Iraq,-,IRQ,G,V,JR,P,95
2003,-,Iraq,-,IRQ,G,N,EO,P,555
2003,-,Iraq,-,IRQ,G,N,IN,C,298
2004,-,Iraq,-,IRQ,U,V,FI,P,7593
2004,-,Iraq,-,IRQ,G,V,FI,P,8140
2004,-,Iraq,-,IRQ,G,V,AR,C,147
2004,-,Iraq,-,IRQ,G,V,FA,P,630
2004,-,Iraq,-,IRQ,U,V,FA,P,482
2004,-,Iraq,-,IRQ,G,V,AR,P,157
2004,-,Iraq,-,IRQ,G,V,RA,P,157
2004,-,Iraq,-,IRQ,G,V,NA,P,1293
2004,-,Iraq,-,IRQ,U,V,FA,C,4496
2004,-,Iraq,-,IRQ,U,V,FI,C,9
2004,-,Iraq,-,IRQ,G,N,EO,P,110
2004,-,Iraq,-,IRQ,G,N,IN,C,158
2005,-,Iraq,-,IRQ,U,V,FI,P,7083
2005,-,Iraq,-,IRQ,U,V,FA,P,1104
2005,-,Iraq,-,IRQ,G,V,FI,P,9815
2005,-,Iraq,-,IRQ,G,V,AR,C,450
2005,-,Iraq,-,IRQ,G,V,FA,P,820
2005,-,Iraq,-,IRQ,G,V,AR,P,384
2005,-,Iraq,-,IRQ,G,V,JR,P,55
2005,-,Iraq,-,IRQ,G,V,RA,P,389
2005,-,Iraq,-,IRQ,G,V,NA,P,1983
2005,-,Iraq,-,IRQ,U,V,AR,P,5
2005,-,Iraq,-,IRQ,G,N,EO,P,131
2005,-,Iraq,-,IRQ,G,N,IN,C,229
2006,-,Iraq,-,IRQ,U,N,FI,P,10532
2006,-,Iraq,-,IRQ,G,N,FI,P,18128
2006,-,Iraq,-,IRQ,G,A,AR,C,6
2006,-,Iraq,-,IRQ,G,NR,FA,P,473
2006,-,Iraq,-,IRQ,G,A,AR,P,1234
2006,-,Iraq,-,IRQ,G,R,AR,P,12
2006,-,Iraq,-,IRQ,G,R,RA,P,505
2006,-,Iraq,-,IRQ,G,NA,NA,P,2117
2006,-,Iraq,-,IRQ,G,N,FA,P,1492
2006,-,Iraq,-,IRQ,U,NR,FA,P,967
2006,-,Iraq,-,IRQ,U,A,AR,P,151
2006,-,Iraq,-,IRQ,U,N,FA,P,22
2006,-,Iraq,-,IRQ,U,A,FA,P,18
2006,-,Iraq,-,IRQ,G,N,EO,P,204
2006,-,Iraq,-,IRQ,G,N,IN,C,307
2007,-,Iraq,-,IRQ,U,N,FI,P,5193
2007,-,Iraq,-,IRQ,U,A,AR,P,41
2007,-,Iraq,-,IRQ,G,N,FI,P,34215
2007,-,Iraq,-,IRQ,G,A,AR,C,11
2007,-,Iraq,-,IRQ,G,N,FA,P,2582
2007,-,Iraq,-,IRQ,G,A,SP,P,51
2007,-,Iraq,-,IRQ,U,N,FA,P,122
2007,-,Iraq,-,IRQ,G,NR,FA,P,538
2007,-,Iraq,-,IRQ,G,A,AR,P,945
2007,-,Iraq,-,IRQ,G,N,AR,P,20
2007,-,Iraq,-,IRQ,G,NA,FA,P,5
2007,-,Iraq,-,IRQ,G,R,RA,P,5606
2007,-,Iraq,-,IRQ,G,N,NA,P,4327
2007,-,Iraq,-,IRQ,U,A,FA,P,263
2007,-,Iraq,-,IRQ,J,FA,FA,P,5
2007,-,Iraq,-,IRQ,U,NR,FA,P,3967
2007,-,Iraq,-,IRQ,U,R,RA,P,76
2007,-,Iraq,-,IRQ,G,A,EO,P,315
2007,-,Iraq,-,IRQ,G,N,IN,C,433
2008,-,Iraq,-,IRQ,U,N,FI,P,8813
2008,-,Iraq,-,IRQ,G,N,FI,P,25324
2008,-,Iraq,-,IRQ,G,A,AR,C,6
2008,-,Iraq,-,IRQ,G,NR,FA,P,677
2008,-,Iraq,-,IRQ,G,SP,SP,C,23
2008,-,Iraq,-,IRQ,G,R,FI,P,350
2008,-,Iraq,-,IRQ,G,N,FA,P,5
2008,-,Iraq,-,IRQ,G,A,AR,P,173
2008,-,Iraq,-,IRQ,U,NR,FA,P,944
2008,-,Iraq,-,IRQ,G,N,AR,P,6264
2008,-,Iraq,-,IRQ,G,R,RA,P,1571
2008,-,Iraq,-,IRQ,G,N,NA,P,6836
2008,-,Iraq,-,IRQ,U,A,AR,P,60
2008,-,Iraq,-,IRQ,J,N,FI,P,5
2008,-,Iraq,-,IRQ,U,A,FA,P,97
2008,-,Iraq,-,IRQ,U,R,RA,P,38
2008,-,Iraq,-,IRQ,U,N,AR,P,74
2008,-,Iraq,-,IRQ,G,N,EO,P,346
2008,-,Iraq,-,IRQ,G,N,IN,C,463
2009,-,Iraq,-,IRQ,U,N,FI,P,5193
2009,-,Iraq,-,IRQ,G,N,FI,P,13263
2009,-,Iraq,-,IRQ,G,A,AR,C,14
2009,-,Iraq,-,IRQ,G,NR,FA,P,410
2009,-,Iraq,-,IRQ,G,NA,FA,P,76
2009,-,Iraq,-,IRQ,G,R,FI,P,328
2009,-,Iraq,-,IRQ,U,NR,FA,P,739
2009,-,Iraq,-,IRQ,G,A,AR,P,3766
2009,-,Iraq,-,IRQ,G,N,RA,P,15
2009,-,Iraq,-,IRQ,G,N,NA,P,6538
2009,-,Iraq,-,IRQ,G,R,RA,P,781
2009,-,Iraq,-,IRQ,G,N,FA,P,62
2009,-,Iraq,-,IRQ,G,N,AR,P,2208
2009,-,Iraq,-,IRQ,U,N,AR,P,46
2009,-,Iraq,-,IRQ,U,A,AR,P,23
2009,-,Iraq,-,IRQ,U,N,FA,P,5
2009,-,Iraq,-,IRQ,U,R,RA,P,9
2009,-,Iraq,-,IRQ,U,A,FA,P,152
2009,-,Iraq,-,IRQ,G,N,EO,P,221
2009,-,Iraq,-,IRQ,G,N,IN,C,322
2010,-,Iraq,-,IRQ,U,N,FI,P,8672
2010,-,Iraq,-,IRQ,U,A,AR,P,479
2010,-,Iraq,-,IRQ,G,N,FI,P,9664
2010,-,Iraq,-,IRQ,G,A,AR,C,33
2010,-,Iraq,-,IRQ,G,NR,FA,P,408
2010,-,Iraq,-,IRQ,G,N,RA,P,724
2010,-,Iraq,-,IRQ,G,N,FI,C,452
2010,-,Iraq,-,IRQ,U,NR,FA,P,908
2010,-,Iraq,-,IRQ,G,N,AR,P,1445
2010,-,Iraq,-,IRQ,G,R,RA,P,804
2010,-,Iraq,-,IRQ,G,N,NA,P,5555
2010,-,Iraq,-,IRQ,G,A,AR,P,184
2010,-,Iraq,-,IRQ,G,R,AR,P,29
2010,-,Iraq,-,IRQ,G,A,SP,P,44
2010,-,Iraq,-,IRQ,U,R,RA,P,91
2010,-,Iraq,-,IRQ,G,N,FA,P,10
2010,-,Iraq,-,IRQ,U,R,FI,P,31
2010,-,Iraq,-,IRQ,G,N,TA,P,10
2010,-,Iraq,-,IRQ,G,N,JR,P,993
2010,-,Iraq,-,IRQ,U,A,FA,P,346
2010,-,Iraq,-,IRQ,G,A,EO,P,141
2010,-,Iraq,-,IRQ,G,N,IN,C,272
2011,-,Iraq,-,IRQ,U,N,FI,P,10957
2011,-,Iraq,-,IRQ,U,A,AR,P,310
2011,-,Iraq,-,IRQ,G,N,FI,P,8678
2011,-,Iraq,-,IRQ,G,N,AR,C,50
2011,-,Iraq,-,IRQ,G,NR,FA,P,499
2011,-,Iraq,-,IRQ,G,R,RA,P,1236
2011,-,Iraq,-,IRQ,G,N,FA,P,371
2011,-,Iraq,-,IRQ,G,A,AR,P,147
2011,-,Iraq,-,IRQ,J,N,FA,P,5
2011,-,Iraq,-,IRQ,G,N,RA,P,11
2011,-,Iraq,-,IRQ,G,A,AR,C,257
2011,-,Iraq,-,IRQ,G,N,NA,P,5831
2011,-,Iraq,-,IRQ,G,N,AR,P,1507
2011,-,Iraq,-,IRQ,G,R,FI,P,62
2011,-,Iraq,-,IRQ,U,N,AR,P,5
2011,-,Iraq,-,IRQ,U,NR,FA,P,1673
2011,-,Iraq,-,IRQ,G,SP,SP,P,16
2011,-,Iraq,-,IRQ,U,R,RA,P,27
2011,-,Iraq,-,IRQ,U,N,FA,P,5
2011,-,Iraq,-,IRQ,G,R,FA,P,69
2011,-,Iraq,-,IRQ,G,R,TA,P,7
2011,-,Iraq,-,IRQ,G,N,FI,C,8
2011,-,Iraq,-,IRQ,U,NA,FA,P,317
2011,-,Iraq,-,IRQ,U,A,FA,P,178
2011,-,Iraq,-,IRQ,G,A,JR,C,32
2011,-,Iraq,-,IRQ,G,A,EO,P,157
2011,-,Iraq,-,IRQ,G,N,IN,C,329
2012,-,Iraq,-,IRQ,U,N,FI,P,9167
2012,-,Iraq,-,IRQ,G,N,FI,P,7403
2012,-,Iraq,-,IRQ,G,A,AR,C,193
2012,-,Iraq,-,IRQ,G,NA,FA,P,933
2012,-,Iraq,-,IRQ,G,R,RA,P,1223
2012,-,Iraq,-,IRQ,G,NR,FA,P,283
2012,-,Iraq,-,IRQ,U,NR,FA,P,1880
2012,-,Iraq,-,IRQ,G,A,AR,P,344
2012,-,Iraq,-,IRQ,G,N,AR,P,527
2012,-,Iraq,-,IRQ,G,N,FA,P,5
2012,-,Iraq,-,IRQ,G,N,NA,P,5352
2012,-,Iraq,-,IRQ,G,R,FI,P,28
2012,-,Iraq,-,IRQ,U,N,FA,P,472
2012,-,Iraq,-,IRQ,G,N,SP,P,9
2012,-,Iraq,-,IRQ,U,A,AR,P,136
2012,-,Iraq,-,IRQ,U,R,RA,P,76
2012,-,Iraq,-,IRQ,G,NR,AR,P,5
2012,-,Iraq,-,IRQ,G,R,FA,P,45
2012,-,Iraq,-,IRQ,U,A,FA,P,169
2012,-,Iraq,-,IRQ,G,A,EO,P,112
2012,-,Iraq,-,IRQ,G,N,IN,C,480
2013,-,Iraq,-,IRQ,U,NR,FA,P,4620
2013,-,Iraq,-,IRQ,G,N,FI,P,6847
2013,-,Iraq,-,IRQ,G,A,AR,C,228
2013,-,Iraq,-,IRQ,G,NR,FA,P,476
2013,-,Iraq,-,IRQ,U,N,FI,P,28070
2013,-,Iraq,-,IRQ,G,R,RA,P,1091
2013,-,Iraq,-,IRQ,G,R,AR,P,455
2013,-,Iraq,-,IRQ,G,A,AR,P,1330
2013,-,Iraq,-,IRQ,G,NA,FA,P,479
2013,-,Iraq,-,IRQ,G,N,NA,P,3958
2013,-,Iraq,-,IRQ,U,R,AR,P,5
2013,-,Iraq,-,IRQ,U,A,AR,P,282
2013,-,Iraq,-,IRQ,G,N,SP,P,6
2013,-,Iraq,-,IRQ,U,R,RA,P,136
2013,-,Iraq,-,IRQ,G,J,JR,P,5
2013,-,Iraq,-,IRQ,G,N,FA,P,6
2013,-,Iraq,-,IRQ,U,N,AR,P,5
2013,-,Iraq,-,IRQ,G,N,RA,P,324
2013,-,Iraq,-,IRQ,G,N,TA,P,15
2013,-,Iraq,-,IRQ,U,NA,FA,P,250
2013,-,Iraq,-,IRQ,G,N,EO,P,62
2013,-,Iraq,-,IRQ,G,N,IN,C,903
